{
  "method": "isotonic",
  "bins": [
    0.7491212879194665,
    0.7664193005397776,
    0.7670043539774452,
    0.7747900346979486,
    0.775202586909235,
    0.8012869199316837,
    0.8029158587452506,
    0.8201791107969688,
    0.8210006748884885,
    0.8496692756187126,
    0.8502408825802574,
    0.8557178843081963,
    0.8557658502735174,
    0.9131932607492133,
    0.9132440216328831,
    0.9275230800243608,
    0.9278295634188714,
    0.9389914338417127,
    0.9390948549205109,
    0.9455264912360352,
    0.94604775009315,
    0.9696299309812826,
    0.969735408260725,
    0.9789860246629633,
    0.9790129100529056,
    0.9861593010317373,
    0.9861705226736435,
    0.9911557633045939,
    0.9911882580852068,
    0.9924647297303836
  ],
  "lookup": [
    0.4444444444444444,
    0.4444444444444444,
    0.6666666666666666,
    0.6666666666666666,
    0.725,
    0.725,
    0.84,
    0.84,
    0.8571428571428571,
    0.8571428571428571,
    0.8888888888888888,
    0.8888888888888888,
    0.8896551724137931,
    0.8896551724137931,
    0.90625,
    0.90625,
    0.9130434782608695,
    0.9130434782608695,
    0.9705882352941176,
    0.9705882352941176,
    0.9743589743589743,
    0.9743589743589743,
    0.9801324503311258,
    0.9801324503311258,
    0.9821428571428571,
    0.9821428571428571,
    0.9880952380952381,
    0.9880952380952381,
    1.0,
    1.0
  ]
}