{
  "cgpa_normalized": [
    0.4089756526704269,
    1.0
  ],
  "internships_count": [
    0.0,
    7.0
  ],
  "backlogs": [
    0.0,
    6.0
  ],
  "median_salary_normalized": [
    0.5,
    0.5
  ],
  "potential_score": [
    0.3527108586530111,
    0.885352862515148
  ],
  "demand_proxy": [
    0.5,
    0.5
  ],
  "placement_rate_for_field": [
    0.3505880708981946,
    0.9499791064602764
  ],
  "demand_velocity_per_day": [
    -509.81835970266803,
    151.4547336215276
  ],
  "demand_acceleration": [
    -141088.55006153794,
    66448.73942235499
  ],
  "velocity_r_squared": [
    -4.256031090688557,
    -2.201802269894634
  ],
  "demand_momentum": [
    0.3535533905932738,
    0.6464466094062833
  ],
  "market_hhi": [
    0.14285714285714285,
    0.14285714285714285
  ],
  "macro_index": [
    0.28458333333333335,
    0.28458333333333335
  ],
  "backlogs_missing": [
    0.0,
    0.0
  ]
}