{
  "method": "platt",
  "A": -5.724554423556079,
  "B": 2.9036345182731536
}