{
  "demographic_parity_index": 0.8363932898415657,
  "equalized_odds_tpr_diff": 0.09586281109050532,
  "equalized_odds_fpr_diff": 0.09140185369083087,
  "predictive_parity_diff": 0.03448275862068961,
  "group_metrics": {
    "biotechnology": {
      "approval": 0.6236559139784946,
      "tpr": 0.7878787878787878,
      "fpr": 0.3546099290780142,
      "ppv": 0.7844827586206896
    },
    "civil_engineering": {
      "approval": 0.6202185792349727,
      "tpr": 0.8037383177570093,
      "fpr": 0.3618421052631579,
      "ppv": 0.7577092511013216
    },
    "computer_science": {
      "approval": 0.6033519553072626,
      "tpr": 0.8067632850241546,
      "fpr": 0.32450331125827814,
      "ppv": 0.7731481481481481
    },
    "data_science": {
      "approval": 0.5443786982248521,
      "tpr": 0.770949720670391,
      "fpr": 0.2893081761006289,
      "ppv": 0.75
    },
    "electrical_engineering": {
      "approval": 0.5216216216216216,
      "tpr": 0.7109004739336493,
      "fpr": 0.27044025157232704,
      "ppv": 0.7772020725388601
    },
    "mba_finance": {
      "approval": 0.5669781931464174,
      "tpr": 0.7473118279569892,
      "fpr": 0.31851851851851853,
      "ppv": 0.7637362637362637
    },
    "mechanical_engineering": {
      "approval": 0.608,
      "tpr": 0.7705627705627706,
      "fpr": 0.3472222222222222,
      "ppv": 0.7807017543859649
    }
  },
  "overall_fair": true
}