{
  "cgpa_normalized": [
    0.6000058465069452,
    0.9499529563428596
  ],
  "internships_count": [
    0.0,
    3.0
  ],
  "backlogs": [
    0.0,
    2.0
  ],
  "median_salary_normalized": [
    0.1560520832454921,
    0.8758789390351422
  ],
  "potential_score": [
    0.36285356096511,
    0.9163758465127608
  ],
  "demand_proxy": [
    0.1560520832454921,
    0.8758789390351422
  ],
  "placement_rate_for_field": [
    0.4000523295642686,
    0.9499581642608262
  ],
  "demand_velocity_per_day": [
    439.43616395203,
    3256.7202967952926
  ],
  "demand_acceleration": [
    -221472.90889005773,
    59856.932400873215
  ],
  "velocity_r_squared": [
    -11.292163903546045,
    -2.31109856440602
  ],
  "demand_momentum": [
    0.10934140294959126,
    0.8710650384205489
  ],
  "market_hhi": [
    0.15733900157886654,
    0.15733900157886654
  ],
  "macro_index": [
    0.48151262050072274,
    0.48151262050072274
  ]
}