{
  "cgpa_normalized": {
    "mean": 1.7431981783981125e-16,
    "std": 1.0,
    "min": -1.7325742985974968,
    "max": 1.705413781583633,
    "p10": -1.391843551302455,
    "p25": -0.8667111613658721,
    "p50": 0.005543222708401015,
    "p75": 0.8699079461590542,
    "p90": 1.3873810782764262,
    "histogram_counts": [
      761,
      728,
      757,
      739,
      720,
      767,
      714,
      739,
      758,
      817
    ],
    "histogram_edges": [
      -1.7325742985974968,
      -1.3887754905793837,
      -1.0449766825612707,
      -0.7011778745431576,
      -0.3573790665250447,
      -0.013580258506931786,
      0.33021854951118157,
      0.6740173575292945,
      1.0178161655474074,
      1.3616149735655203,
      1.705413781583633
    ]
  },
  "internships_count": {
    "mean": 5.2106467289074014e-18,
    "std": 1.0,
    "min": -1.3497931409112118,
    "max": 1.3421360977434829,
    "p10": -1.3497931409112118,
    "p25": -0.4524833946929802,
    "p50": 0.44482635152525135,
    "p75": 0.44482635152525135,
    "p90": 1.3421360977434829,
    "histogram_counts": [
      1859,
      0,
      0,
      1861,
      0,
      0,
      1919,
      0,
      0,
      1861
    ],
    "histogram_edges": [
      -1.3497931409112118,
      -1.0806002170457423,
      -0.8114072931802729,
      -0.5422143693148035,
      -0.27302144544933404,
      -0.003828521583864708,
      0.26536440228160485,
      0.5345573261470744,
      0.8037502500125437,
      1.072943173878013,
      1.3421360977434829
    ]
  },
  "backlogs": {
    "mean": 4.902744876744691e-17,
    "std": 1.0,
    "min": -1.217503927415906,
    "max": 1.217179302985186,
    "p10": -1.217503927415906,
    "p25": -1.217503927415906,
    "p50": -0.00016231221536005494,
    "p75": 1.217179302985186,
    "p90": 1.217179302985186,
    "histogram_counts": [
      2530,
      0,
      0,
      0,
      2439,
      0,
      0,
      0,
      0,
      2531
    ],
    "histogram_edges": [
      -1.217503927415906,
      -0.9740356043757968,
      -0.7305672813356876,
      -0.4870989582955785,
      -0.24363063525546924,
      -0.0001623122153600054,
      0.24330601082474912,
      0.48677433386485847,
      0.7302426569049676,
      0.9737109799450767,
      1.217179302985186
    ]
  },
  "median_salary_normalized": {
    "mean": 7.389644451905042e-17,
    "std": 1.0,
    "min": -3.4450325611791537,
    "max": 3.7623193399361936,
    "p10": -1.2952710689336207,
    "p25": -0.6688248485274082,
    "p50": -0.0024364021835365773,
    "p75": 0.6797757991441017,
    "p90": 1.2616226927486736,
    "histogram_counts": [
      20,
      153,
      592,
      1399,
      2069,
      1842,
      1021,
      323,
      71,
      10
    ],
    "histogram_edges": [
      -3.4450325611791537,
      -2.7242973710676193,
      -2.0035621809560844,
      -1.28282699084455,
      -0.5620918007330151,
      0.15864338937851974,
      0.8793785794900537,
      1.6001137696015886,
      2.3208489597131234,
      3.0415841498246583,
      3.7623193399361936
    ]
  },
  "potential_score": {
    "mean": 1.9232023381240045e-16,
    "std": 1.0,
    "min": -2.562452987593619,
    "max": 2.5344092738288375,
    "p10": -1.3372690310773336,
    "p25": -0.7829528094692761,
    "p50": 0.006088078444651459,
    "p75": 0.773636119577813,
    "p90": 1.3287314891368336,
    "histogram_counts": [
      61,
      411,
      868,
      1114,
      1246,
      1273,
      1150,
      890,
      408,
      79
    ],
    "histogram_edges": [
      -2.562452987593619,
      -2.052766761451373,
      -1.5430805353091275,
      -1.0333943091668818,
      -0.5237080830246361,
      -0.014021856882390438,
      0.49566436925985524,
      1.005350595402101,
      1.5150368215443466,
      2.0247230476865923,
      2.5344092738288375
    ]
  },
  "demand_proxy": {
    "mean": 7.389644451905042e-17,
    "std": 1.0,
    "min": -3.4450325611791537,
    "max": 3.7623193399361936,
    "p10": -1.2952710689336207,
    "p25": -0.6688248485274082,
    "p50": -0.0024364021835365773,
    "p75": 0.6797757991441017,
    "p90": 1.2616226927486736,
    "histogram_counts": [
      20,
      153,
      592,
      1399,
      2069,
      1842,
      1021,
      323,
      71,
      10
    ],
    "histogram_edges": [
      -3.4450325611791537,
      -2.7242973710676193,
      -2.0035621809560844,
      -1.28282699084455,
      -0.5620918007330151,
      0.15864338937851974,
      0.8793785794900537,
      1.6001137696015886,
      2.3208489597131234,
      3.0415841498246583,
      3.7623193399361936
    ]
  },
  "placement_rate_for_field": {
    "mean": -4.566421315151577e-16,
    "std": 1.0,
    "min": -1.724504896439654,
    "max": 1.710056077580482,
    "p10": -1.3758971134539946,
    "p25": -0.8735969332175982,
    "p50": -0.0023647383643088053,
    "p75": 0.8760757844110316,
    "p90": 1.3907404188963728,
    "histogram_counts": [
      740,
      778,
      725,
      781,
      719,
      709,
      772,
      711,
      760,
      805
    ],
    "histogram_edges": [
      -1.724504896439654,
      -1.3810487990376406,
      -1.037592701635627,
      -0.6941366042336132,
      -0.3506805068315997,
      -0.007224409429586132,
      0.33623168797242764,
      0.679687785374441,
      1.0231438827764547,
      1.3665999801784685,
      1.710056077580482
    ]
  },
  "demand_velocity_per_day": {
    "mean": 8.526512829121202e-17,
    "std": 1.0,
    "min": -1.2050170756700544,
    "max": 1.3689250828911035,
    "p10": -1.2050170756700544,
    "p25": -1.0279327987441014,
    "p50": -0.45089973369314457,
    "p75": 1.245921047545014,
    "p90": 1.3689250828911035,
    "histogram_counts": [
      2109,
      0,
      2135,
      0,
      0,
      0,
      0,
      1050,
      0,
      2206
    ],
    "histogram_edges": [
      -1.2050170756700544,
      -0.9476228598139387,
      -0.6902286439578229,
      -0.43283442810170714,
      -0.17544021224559136,
      0.0819540036105244,
      0.3393482194666402,
      0.596742435322756,
      0.8541366511788717,
      1.1115308670349875,
      1.3689250828911035
    ]
  },
  "demand_acceleration": {
    "mean": 1.0042337332076082e-16,
    "std": 1.0,
    "min": -1.6629850747497672,
    "max": 1.448285062580974,
    "p10": -1.6629850747497672,
    "p25": -0.8986738460169355,
    "p50": 0.07591034878458242,
    "p75": 0.7488954461588249,
    "p90": 1.448285062580974,
    "histogram_counts": [
      1121,
      0,
      1102,
      0,
      1050,
      1033,
      0,
      2139,
      0,
      1055
    ],
    "histogram_edges": [
      -1.6629850747497672,
      -1.351858061016693,
      -1.0407310472836189,
      -0.7296040335505449,
      -0.41847701981747076,
      -0.1073500060843966,
      0.20377700764867734,
      0.5149040213817515,
      0.8260310351148257,
      1.1371580488478998,
      1.448285062580974
    ]
  },
  "velocity_r_squared": {
    "mean": -3.742191741669861e-17,
    "std": 1.0,
    "min": -1.6879920751079724,
    "max": 1.0631947436464602,
    "p10": -1.6879920751079724,
    "p25": -1.3386340049529624,
    "p50": 0.4430014292497421,
    "p75": 0.773771825797082,
    "p90": 1.0631947436464602,
    "histogram_counts": [
      1102,
      1054,
      0,
      0,
      0,
      0,
      1055,
      1085,
      2154,
      1050
    ],
    "histogram_edges": [
      -1.6879920751079724,
      -1.412873393232529,
      -1.1377547113570858,
      -0.8626360294816425,
      -0.5875173476061992,
      -0.31239866573075603,
      -0.037279983855312615,
      0.2378386980201308,
      0.512957379895574,
      0.7880760617710172,
      1.0631947436464602
    ]
  },
  "demand_momentum": {
    "mean": -1.8000415972589204e-16,
    "std": 1.0,
    "min": -2.631684472967823,
    "max": 2.7767140886771577,
    "p10": -1.250136773818432,
    "p25": -0.8000631595758374,
    "p50": -0.12360513589349659,
    "p75": 0.8236932862793199,
    "p90": 1.3752344230059133,