{
  "method": "isotonic",
  "bins": [
    0.05537937730274094,
    0.05839546022917112,
    0.11741790946935882,
    0.117710484828803,
    0.166708158177446,
    0.16704091863133022,
    0.17316567670228988,
    0.17349580785449598,
    0.18090648887572786,
    0.18092121139973988,
    0.25773364532803306,
    0.25775213538824127,
    0.286729910506416,
    0.2872080167614984,
    0.29318945757035964,
    0.29336805431907254,
    0.3519347469451683,
    0.3519388048101428,
    0.3601646075844327,
    0.3602426593021416,
    0.3742319750423363,
    0.3742474169381277,
    0.402957884010162,
    0.4030604993913965,
    0.45535491439400666,
    0.4553783746372469,
    0.47448891583545605,
    0.4745278675598496,
    0.5003987281016411,
    0.5004047703141273,
    0.5048405362902129,
    0.5051584141237844,
    0.5815195086676728,
    0.5816474431431174,
    0.6059863427210839,
    0.6061515620739198,
    0.6187795314660014,
    0.6189541187260971,
    0.6309173745777623,
    0.6316390394974866,
    0.649234445287752,
    0.6494643186223754,
    0.6515265908080623,
    0.6516064974687377,
    0.652968708314108,
    0.6529846200573896,
    0.6747139361929275,
    0.6747359018274453,
    0.7288223852221561,
    0.7288892956358335,
    0.7450899558912036,
    0.7455571744258541,
    0.776971691928983,
    0.7771211097228575,
    0.7894223584656487,
    0.7895180816737484,
    0.8030993106582638,
    0.803183977833408,
    0.8040816635412544,
    0.804270815322687,
    0.824345725249087,
    0.8243782471503024,
    0.8390604382758265,
    0.8390952840906422,
    0.8537696122097368,
    0.8540010266744951,
    0.8554804088505407,
    0.8559078287387892,
    0.8983583518308995,
    0.8985083588637064,
    0.9292161714869283,
    0.9296991474377159,
    0.9524464325924483,
    0.9525082586100334,
    0.9915999530100232
  ],
  "lookup": [
    0.0,
    0.02702702702702703,
    0.02702702702702703,
    0.07608695652173914,
    0.07608695652173914,
    0.08695652173913043,
    0.08695652173913043,
    0.1,
    0.1,
    0.1464088397790055,
    0.1464088397790055,
    0.21505376344086022,
    0.21505376344086022,
    0.25,
    0.25,
    0.3080684596577017,
    0.3080684596577017,
    0.35064935064935066,
    0.35064935064935066,
    0.36363636363636365,
    0.36363636363636365,
    0.36666666666666664,
    0.36666666666666664,
    0.4065040650406504,
    0.4065040650406504,
    0.45132743362831856,
    0.45132743362831856,
    0.5359477124183009,
    0.5359477124183009,
    0.5454545454545454,
    0.5454545454545454,
    0.5471311475409835,
    0.5471311475409835,
    0.5844155844155844,
    0.5844155844155844,
    0.6,
    0.6,
    0.6071428571428571,
    0.6071428571428571,
    0.6194029850746269,
    0.6194029850746269,
    0.65,
    0.65,
    0.6666666666666666,
    0.6666666666666666,
    0.6866666666666665,
    0.6866666666666665,
    0.7381546134663342,
    0.7381546134663342,
    0.7676056338028169,
    0.7676056338028169,
    0.7689655172413793,
    0.7689655172413793,
    0.7905405405405406,
    0.7905405405405406,
    0.8151260504201681,
    0.8151260504201681,
    0.8181818181818182,
    0.8181818181818182,
    0.8516483516483516,
    0.8516483516483516,
    0.8633093525179856,
    0.8633093525179856,
    0.8787878787878788,
    0.8787878787878788,
    0.8888888888888888,
    0.8888888888888888,
    0.9253012048192771,
    0.9253012048192771,
    0.9358288770053476,
    0.9358288770053476,
    0.95,
    0.95,
    1.0,
    1.0
  ]
}