{
  "demographic_parity_index": 0.8256137479541735,
  "equalized_odds_tpr_diff": 0.06817039169980355,
  "equalized_odds_fpr_diff": 0.14235890932149647,
  "predictive_parity_diff": 0.050497277956254916,
  "group_metrics": {
    "biotechnology": {
      "approval": 0.6940509915014165,
      "tpr": 0.8640776699029126,
      "fpr": 0.4557823129251701,
      "ppv": 0.726530612244898
    },
    "civil_engineering": {
      "approval": 0.6656891495601173,
      "tpr": 0.8232323232323232,
      "fpr": 0.44755244755244755,
      "ppv": 0.7180616740088106
    },
    "computer_science": {
      "approval": 0.6325966850828729,
      "tpr": 0.8341232227488151,
      "fpr": 0.3509933774834437,
      "ppv": 0.7685589519650655
    },
    "data_science": {
      "approval": 0.6592797783933518,
      "tpr": 0.8357487922705314,
      "fpr": 0.42207792207792205,
      "ppv": 0.726890756302521
    },
    "electrical_engineering": {
      "approval": 0.6063829787234043,
      "tpr": 0.8238095238095238,
      "fpr": 0.3313253012048193,
      "ppv": 0.7587719298245614
    },
    "mba_finance": {
      "approval": 0.7344632768361582,
      "tpr": 0.8914027149321267,
      "fpr": 0.47368421052631576,
      "ppv": 0.7576923076923077
    },
    "mechanical_engineering": {
      "approval": 0.6827195467422096,
      "tpr": 0.861904761904762,
      "fpr": 0.4195804195804196,
      "ppv": 0.7510373443983402
    }
  },
  "overall_fair": false
}