{
  "cgpa_normalized": [
    0.6000211038539915,
    0.9499568555374234
  ],
  "internships_count": [
    0.0,
    3.0
  ],
  "backlogs": [
    0.0,
    2.0
  ],
  "median_salary_normalized": [
    0.1202893851515278,
    0.9327527738740028
  ],
  "potential_score": [
    0.3610333629683108,
    0.9249709905710316
  ],
  "demand_proxy": [
    0.1202893851515278,
    0.9327527738740028
  ],
  "placement_rate_for_field": [
    0.4000024314727136,
    0.949933479609804
  ],
  "demand_velocity_per_day": [
    46.60802764466329,
    1482.6587785529232
  ],
  "demand_acceleration": [
    -346346.38860060193,
    81496.03607947075
  ],
  "velocity_r_squared": [
    -9.171749263305333,
    -2.7567954530559255
  ],
  "demand_momentum": [
    0.1339391333762906,
    0.8979132609600855
  ],
  "market_hhi": [
    0.18234973020785383,
    0.18234973020785383
  ],
  "macro_index": [
    0.4714544916884646,
    0.4714544916884646
  ]
}