{
  "method": "isotonic",
  "bins": [
    0.1385367374269768,
    0.17535429027226682,
    0.1769623759791148,
    0.17799209733589233,
    0.17924014086753257,
    0.21702310556315224,
    0.21741158189712095,
    0.21896544147971492,
    0.21943120636443464,
    0.2286800457143286,
    0.22900859130888815,
    0.2504472016924521,
    0.25129180643556026,
    0.253827400402306,
    0.25394566942265717,
    0.27457499613588465,
    0.27457735720570975,
    0.32933812886427755,
    0.3296342564684558,
    0.38506405468084026,
    0.3854005187806461,
    0.4792630884241035,
    0.47966491461133226,
    0.5072847795046381,
    0.5073852861096513,
    0.5115820134153659,
    0.5123107386583102,
    0.5753051064848761,
    0.5756745524294639,
    0.6104592874847296,
    0.6111842530493425,
    0.642244520042293,
    0.6431502116690693,
    0.7712661232579235,
    0.7713102508495155,
    0.7796108549903291,
    0.77993923854599,
    0.7817741203744581,
    0.7820785273316052,
    0.8419418072271356,
    0.8420111135898642,
    0.846265745994327,
    0.8462987969974448,
    0.8696890145975176,
    0.8696962086518879,
    0.8916130728528527,
    0.8916945875245341,
    0.8983482296799409,
    0.8984518862028054,
    0.9178914011255275,
    0.9180947092550924,
    0.9293160731824749
  ],
  "lookup": [
    0.0,
    0.0,
    0.125,
    0.125,
    0.17475728155339806,
    0.17475728155339806,
    0.2,
    0.2,
    0.23076923076923078,
    0.23076923076923078,
    0.23728813559322035,
    0.23728813559322035,
    0.25,
    0.25,
    0.2857142857142857,
    0.2857142857142857,
    0.36054421768707484,
    0.36054421768707484,
    0.40540540540540543,
    0.40540540540540543,
    0.4228571428571429,
    0.4228571428571429,
    0.4722222222222222,
    0.4722222222222222,
    0.5454545454545454,
    0.5454545454545454,
    0.5873015873015873,
    0.5873015873015873,
    0.6349206349206349,
    0.6349206349206349,
    0.6415094339622641,
    0.6415094339622641,
    0.6713780918727914,
    0.6713780918727914,
    0.7777777777777778,
    0.7777777777777778,
    0.8,
    0.8,
    0.8102766798418972,
    0.8102766798418972,
    0.8181818181818182,
    0.8181818181818182,
    0.8760330578512396,
    0.8760330578512396,
    0.9,
    0.9,
    0.9090909090909091,
    0.9090909090909091,
    0.9259259259259259,
    0.9259259259259259,
    1.0,
    1.0
  ]
}