{"A": -13.987864185316221, "B": 8.023370706452639}