{
  "q_hat": 0.6713780918727914,
  "theoretical_coverage": 0.9,
  "empirical_coverage": 0.923,
  "avg_interval_width": 0.917679107014168,
  "coverage_satisfied": true
}