{
  "q_hat": 0.7234726688102894,
  "theoretical_coverage": 0.9,
  "empirical_coverage": 0.909,
  "avg_interval_width": 0.9310995900798188,
  "coverage_satisfied": true
}