{
  "demographic_parity_index": 0.9545454545454546,
  "equalized_odds_tpr_diff": 0.03797468354430378,
  "equalized_odds_fpr_diff": 0.11111111111111116,
  "predictive_parity_diff": 0.14590964590964595,
  "group_metrics": {
    "biotechnology": {
      "approval": 0.9545454545454546,
      "tpr": 0.9620253164556962,
      "fpr": 0.8888888888888888,
      "ppv": 0.9047619047619048
    },
    "civil_engineering": {
      "approval": 0.9767441860465116,
      "tpr": 0.9814814814814815,
      "fpr": 0.9523809523809523,
      "ppv": 0.8412698412698413
    },
    "computer_science": {
      "approval": 1.0,
      "tpr": 1.0,
      "fpr": 1.0,
      "ppv": 0.9871794871794872
    },
    "data_science": {
      "approval": 1.0,
      "tpr": 1.0,
      "fpr": 1.0,
      "ppv": 0.9594594594594594
    },
    "electrical_engineering": {
      "approval": 1.0,
      "tpr": 1.0,
      "fpr": 1.0,
      "ppv": 0.9591836734693877
    },
    "mba_finance": {
      "approval": 1.0,
      "tpr": 1.0,
      "fpr": 1.0,
      "ppv": 0.986784140969163
    },
    "mechanical_engineering": {
      "approval": 1.0,
      "tpr": 1.0,
      "fpr": 1.0,
      "ppv": 0.9172932330827067
    }
  },
  "overall_fair": false
}