{
  "demographic_parity_index": 0.8240989399293287,
  "equalized_odds_tpr_diff": 0.09432272509195583,
  "equalized_odds_fpr_diff": 0.17982456140350878,
  "predictive_parity_diff": 0.10135674381484439,
  "group_metrics": {
    "biotechnology": {
      "approval": 0.60431654676259,
      "tpr": 0.7484662576687117,
      "fpr": 0.4,
      "ppv": 0.7261904761904762
    },
    "civil_engineering": {
      "approval": 0.6688963210702341,
      "tpr": 0.8162162162162162,
      "fpr": 0.4298245614035088,
      "ppv": 0.755
    },
    "computer_science": {
      "approval": 0.5658362989323843,
      "tpr": 0.782608695652174,
      "fpr": 0.275,
      "ppv": 0.7924528301886793
    },
    "data_science": {
      "approval": 0.5894736842105263,
      "tpr": 0.7692307692307693,
      "fpr": 0.37209302325581395,
      "ppv": 0.7142857142857143
    },
    "electrical_engineering": {
      "approval": 0.5682539682539682,
      "tpr": 0.7978142076502732,
      "fpr": 0.25,
      "ppv": 0.8156424581005587
    },
    "mba_finance": {
      "approval": 0.5512367491166078,
      "tpr": 0.7218934911242604,
      "fpr": 0.2982456140350877,
      "ppv": 0.782051282051282
    },
    "mechanical_engineering": {
      "approval": 0.6061776061776062,
      "tpr": 0.7610062893081762,
      "fpr": 0.36,
      "ppv": 0.7707006369426752
    }
  },
  "overall_fair": false
}