{
  "cgpa_normalized": [
    0.6000279697327727,
    0.9499944588987376
  ],
  "internships_count": [
    0.0,
    3.0
  ],
  "backlogs": [
    0.0,
    2.0
  ],
  "median_salary_normalized": [
    0.0947519370121992,
    0.8561435286519303
  ],
  "potential_score": [
    0.3544604799861133,
    0.9144474192061908
  ],
  "demand_proxy": [
    0.0947519370121992,
    0.8561435286519303
  ],
  "placement_rate_for_field": [
    0.4000030910211897,
    0.949901102957636
  ],
  "demand_velocity_per_day": [
    -51.31187007205783,
    808.6026554336345
  ],
  "demand_acceleration": [
    -109983.12515903155,
    140182.81125074378
  ],
  "velocity_r_squared": [
    -9.845368396901563,
    -2.898869394897614
  ],
  "demand_momentum": [
    0.145357578801887,
    0.8677118720758097
  ],
  "market_hhi": [
    0.15506508338661482,
    0.15506508338661482
  ],
  "macro_index": [
    0.511608273612401,
    0.511608273612401
  ]
}