{
  "cgpa_normalized": [
    0.491,
    1.058
  ],
  "internships_count": [
    0.0,
    4.0
  ],
  "backlogs": [
    0.0,
    2.0
  ],
  "median_salary_normalized": [
    0.16012268347450226,
    0.7991153997434963
  ],
  "potential_score": [
    0.3538979935748273,
    0.885239565811338
  ],
  "demand_proxy": [
    0.37192982456140344,
    0.37192982456140344
  ],
  "placement_rate_for_field": [
    0.4006119850147165,
    0.9497223582959071
  ]
}