{
  "cgpa_normalized": {
    "mean": -4.1152266779439135e-16,
    "std": 0.9999999999999999,
    "min": -3.857550956564157,
    "max": 3.482278128756706,
    "p10": -1.2968786691039342,
    "p25": -0.6756224245161101,
    "p50": 0.00033259929334284686,
    "p75": 0.6709849034247408,
    "p90": 1.2939397728998405,
    "histogram_counts": [
      2,
      31,
      192,
      630,
      1201,
      1347,
      907,
      376,
      102,
      12
    ],
    "histogram_edges": [
      -3.857550956564157,
      -3.1235680480320704,
      -2.3895851394999843,
      -1.6556022309678977,
      -0.9216193224358116,
      -0.18763641390372543,
      0.5463464946283616,
      1.2803294031604477,
      2.014312311692534,
      2.74829522022462,
      3.482278128756706
    ]
  },
  "internships_count": {
    "mean": 6.069219201284189e-17,
    "std": 1.0,
    "min": -1.1806792646917577,
    "max": 4.699092973879913,
    "p10": -1.1806792646917577,
    "p25": -0.34071180203866186,
    "p50": -0.34071180203866186,
    "p75": 0.4992556606144338,
    "p90": 1.3392231232675296,
    "histogram_counts": [
      1179,
      1673,
      1135,
      0,
      532,
      213,
      0,
      53,
      14,
      1
    ],
    "histogram_edges": [
      -1.1806792646917577,
      -0.5927020408345905,
      -0.0047248169774234405,
      0.5832524068797438,
      1.1712296307369108,
      1.7592068545940778,
      2.347184078451245,
      2.935161302308412,
      3.523138526165579,
      4.111115750022746,
      4.699092973879913
    ]
  },
  "backlogs": {
    "mean": -2.183438615096141e-17,
    "std": 1.0,
    "min": -0.8364907135653209,
    "max": 5.259393029015965,
    "p10": -0.8364907135653209,
    "p25": -0.8364907135653209,
    "p50": 0.17948991019822672,
    "p75": 0.17948991019822672,
    "p90": 1.1954705339617744,
    "histogram_counts": [
      2278,
      1507,
      0,
      704,
      0,
      230,
      62,
      0,
      15,
      4
    ],
    "histogram_edges": [
      -0.8364907135653209,
      -0.22690233930719228,
      0.38268603495093634,
      0.9922744092090651,
      1.6018627834671935,
      2.211451157725322,
      2.821039531983451,
      3.430627906241579,
      4.040216280499708,
      4.649804654757837,
      5.259393029015965
    ]
  },
  "median_salary_normalized": {
    "mean": 0.0,
    "std": 0.0,
    "min": 0.0,
    "max": 0.0,
    "p10": 0.0,
    "p25": 0.0,
    "p50": 0.0,
    "p75": 0.0,
    "p90": 0.0,
    "histogram_counts": [
      0,
      0,
      0,
      0,
      0,
      4800,
      0,
      0,
      0,
      0
    ],
    "histogram_edges": [
      -0.5,
      -0.4,
      -0.3,
      -0.19999999999999996,
      -0.09999999999999998,
      0.0,
      0.10000000000000009,
      0.20000000000000007,
      0.30000000000000004,
      0.4,
      0.5
    ]
  },
  "potential_score": {
    "mean": -5.195843755245732e-16,
    "std": 0.9999999999999999,
    "min": -2.7837152893893253,
    "max": 2.6490092859836665,
    "p10": -1.2811315849646865,
    "p25": -0.7705134443416244,
    "p50": -0.05833323660106739,
    "p75": 0.7486079177038296,
    "p90": 1.413574814637238,
    "histogram_counts": [
      15,
      129,
      481,
      804,
      957,
      873,
      680,
      513,
      295,
      53
    ],
    "histogram_edges": [
      -2.7837152893893253,
      -2.240442831852026,
      -1.6971703743147268,
      -1.1538979167774275,
      -0.6106254592401283,
      -0.06735300170282921,
      0.4759194558344704,
      1.0191919133717695,
      1.5624643709090686,
      2.1057368284463682,
      2.6490092859836665
    ]
  },
  "demand_proxy": {
    "mean": 0.0,
    "std": 0.0,
    "min": 0.0,
    "max": 0.0,
    "p10": 0.0,
    "p25": 0.0,
    "p50": 0.0,
    "p75": 0.0,
    "p90": 0.0,
    "histogram_counts": [
      0,
      0,
      0,
      0,
      0,
      4800,
      0,
      0,
      0,
      0
    ],
    "histogram_edges": [
      -0.5,
      -0.4,
      -0.3,
      -0.19999999999999996,
      -0.09999999999999998,
      0.0,
      0.10000000000000009,
      0.20000000000000007,
      0.30000000000000004,
      0.4,
      0.5
    ]
  },
  "placement_rate_for_field": {
    "mean": -3.375077994860476e-16,
    "std": 1.0,
    "min": -2.7795480867964337,
    "max": 1.6395745602176033,
    "p10": -1.5159626373483723,
    "p25": -0.6437261346387987,
    "p50": 0.12393474009979323,
    "p75": 0.7637285362179687,
    "p90": 1.234352999569281,
    "histogram_counts": [
      65,
      159,
      309,
      334,
      392,
      589,
      939,
      797,
      683,
      533
    ],
    "histogram_edges": [
      -2.7795480867964337,
      -2.33763582209503,
      -1.8957235573936264,
      -1.4538112926922229,
      -1.011899027990819,
      -0.5699867632894153,
      -0.128074498588012,
      0.31383776611339176,
      0.7557500308147955,
      1.1976622955161993,
      1.6395745602176033
    ]
  },
  "demand_velocity_per_day": {
    "mean": 2.9013828376870757e-16,
    "std": 0.9999999999999998,
    "min": -1.3890957353682796,
    "max": 1.8726056873931392,
    "p10": -1.1915188379616042,
    "p25": -0.6895675759437409,
    "p50": -0.25388529134028764,
    "p75": 1.0701366159926156,
    "p90": 1.8726056873931392,
    "histogram_counts": [
      584,
      0,
      1560,
      482,
      723,
      0,
      0,
      879,
      0,
      572
    ],
    "histogram_edges": [
      -1.3890957353682796,
      -1.0629255930921377,
      -0.7367554508159958,
      -0.41058530853985387,
      -0.08441516626371204,
      0.2417549760124298,
      0.5679251182885718,
      0.8940952605647137,
      1.2202654028408555,
      1.5464355451169973,
      1.8726056873931392
    ]
  },
  "demand_acceleration": {
    "mean": -5.625129991434127e-17,
    "std": 1.0,
    "min": -0.9021470197074399,
    "max": 1.7878960696892712,
    "p10": -0.9021470197074399,
    "p25": -0.9021470197074399,
    "p50": -0.5262183951007866,
    "p75": 1.0912663870258774,
    "p90": 1.7878960696892712,
    "histogram_counts": [
      1560,
      1463,
      0,
      0,
      0,
      482,
      0,
      572,
      0,
      723
    ],
    "histogram_edges": [
      -0.9021470197074399,
      -0.6331427107677688,
      -0.36413840182809776,
      -0.09513409288842667,
      0.17387021605124442,
      0.4428745249909154,
      0.7118788339305866,
      0.9808831428702578,
      1.2498874518099288,
      1.5188917607495998,
      1.7878960696892712
    ]
  },
  "velocity_r_squared": {
    "mean": 2.1538326677728036e-16,
    "std": 1.0,
    "min": -3.2436823443965648,
    "max": 1.425875711645784,
    "p10": -1.0275248058140654,
    "p25": -0.024209101509820977,
    "p50": 0.20986947290808747,
    "p75": 0.35735350299576524,
    "p90": 1.425875711645784,
    "histogram_counts": [
      226,
      0,
      0,
      0,
      879,
      0,
      482,
      2283,
      358,
      572
    ],
    "histogram_edges": [
      -3.2436823443965648,
      -2.77672653879233,
      -2.309770733188095,
      -1.8428149275838601,
      -1.3758591219796252,
      -0.9089033163753903,
      -0.44194751077115546,
      0.025008294833079425,
      0.4919641004373143,
      0.9589199060415488,
      1.425875711645784
    ]
  },
  "demand_momentum": {
    "mean": 1.4654943925052067e-16,
    "std": 1.0,
    "min": -1.38909573536828,
    "max": 1.8726056873931396,
    "p10": -1.1915188379616048,
    "p25": -0.6895675759437411,
    "p50": -0.2538852913402876,
    "p75": 1.0701366159926153,
    "p90": 1.8726056873931396,
    "histogram_counts": [
      584,
      0,
      1560,
      482,
      723,
      0,
      0,
      879,
      0,
      572
    ],
    "histogram_edges": [
      -1.38909573536828,
      -1.062925593092138,
      -0.7367554508159961,
      -0.4105853085398542,
      -0.08441516626371226,
      0.24175497601242957,
      0.5679251182885716,
      0.8940952605647137,
      1.2202654028408555,
      1.5464355451169973,
      1.8726056873931396
    ]
  },