{
  "cgpa_normalized": {
    "mean": 3.4485007442223527e-16,
    "std": 0.9999999999999999,
    "min": -1.7222702381080723,
    "max": 1.7399462917243054,
    "p10": -1.3750123803107297,
    "p25": -0.8725195659627976,
    "p50": 0.011744278758264734,
    "p75": 0.8655360859109188,
    "p90": 1.3960549600114964,
    "histogram_counts": [
      748,
      795,
      733,
      719,
      746,
      824,
      726,
      736,
      719,
      754
    ],
    "histogram_edges": [
      -1.7222702381080723,
      -1.3760485851248345,
      -1.0298269321415967,
      -0.6836052791583591,
      -0.3373836261751213,
      0.008838026808116517,
      0.3550596797913541,
      0.7012813327745921,
      1.0475029857578297,
      1.3937246387410673,
      1.7399462917243054
    ]
  },
  "internships_count": {
    "mean": 1.5158245029548805e-17,
    "std": 0.9999999999999999,
    "min": -1.3491455822373306,
    "max": 1.3277305729954683,
    "p10": -1.3491455822373306,
    "p25": -0.4568535304930644,
    "p50": 0.43543852125120197,
    "p75": 1.3277305729954683,
    "p90": 1.3277305729954683,
    "histogram_counts": [
      1864,
      0,
      0,
      1841,
      0,
      0,
      1886,
      0,
      0,
      1909
    ],
    "histogram_edges": [
      -1.3491455822373306,
      -1.0814579667140507,
      -0.8137703511907708,
      -0.5460827356674909,
      -0.278395120144211,
      -0.010707504620931063,
      0.25698011090234885,
      0.5246677264256288,
      0.7923553419489087,
      1.0600429574721886,
      1.3277305729954683
    ]
  },
  "backlogs": {
    "mean": 1.0989727646422883e-16,
    "std": 0.9999999999999998,
    "min": -1.2331976168896885,
    "max": 1.2168638736196267,
    "p10": -1.2331976168896885,
    "p25": -1.2331976168896885,
    "p50": -0.008166871635030968,
    "p75": 1.2168638736196267,
    "p90": 1.2168638736196267,
    "histogram_counts": [
      2474,
      0,
      0,
      0,
      2502,
      0,
      0,
      0,
      0,
      2524
    ],
    "histogram_edges": [
      -1.2331976168896885,
      -0.988191467838757,
      -0.7431853187878255,
      -0.498179169736894,
      -0.2531730206859625,
      -0.008166871635030937,
      0.2368392774159005,
      0.48184542646683215,
      0.7268515755177636,
      0.971857724568695,
      1.2168638736196267
    ]
  },
  "median_salary_normalized": {
    "mean": -1.0610771520684163e-16,
    "std": 0.9999999999999999,
    "min": -3.7002894525279073,
    "max": 4.3070242877219505,
    "p10": -1.2749815834083953,
    "p25": -0.6755891330182379,
    "p50": 0.005813849509119562,
    "p75": 0.6624961546151434,
    "p90": 1.2832929975965868,
    "histogram_counts": [
      14,
      124,
      582,
      1601,
      2339,
      1823,
      819,
      166,
      30,
      2
    ],
    "histogram_edges": [
      -3.7002894525279073,
      -2.8995580785029214,
      -2.098826704477936,
      -1.2980953304529503,
      -0.4973639564279644,
      0.30336741759702157,
      1.1040987916220066,
      1.9048301656469926,
      2.7055615396719785,
      3.5062929136969645,
      4.3070242877219505
    ]
  },
  "potential_score": {
    "mean": -1.5868787765308904e-16,
    "std": 1.0,
    "min": -2.4957524986339825,
    "max": 2.606928951608929,
    "p10": -1.332123276706323,
    "p25": -0.7890141484565792,
    "p50": 0.02274635780956903,
    "p75": 0.7852767995019841,
    "p90": 1.3157069438084465,
    "histogram_counts": [
      109,
      402,
      976,
      1205,
      1144,
      1251,
      1194,
      832,
      348,
      39
    ],
    "histogram_edges": [
      -2.4957524986339825,
      -1.9854843536096913,
      -1.4752162085854001,
      -0.964948063561109,
      -0.4546799185368178,
      0.05558822648747341,
      0.5658563715117646,
      1.0761245165360558,
      1.586392661560347,
      2.096660806584638,
      2.606928951608929
    ]
  },
  "demand_proxy": {
    "mean": -1.0610771520684163e-16,
    "std": 0.9999999999999999,
    "min": -3.7002894525279073,
    "max": 4.3070242877219505,
    "p10": -1.2749815834083953,
    "p25": -0.6755891330182379,
    "p50": 0.005813849509119562,
    "p75": 0.6624961546151434,
    "p90": 1.2832929975965868,
    "histogram_counts": [
      14,
      124,
      582,
      1601,
      2339,
      1823,
      819,
      166,
      30,
      2
    ],
    "histogram_edges": [
      -3.7002894525279073,
      -2.8995580785029214,
      -2.098826704477936,
      -1.2980953304529503,
      -0.4973639564279644,
      0.30336741759702157,
      1.1040987916220066,
      1.9048301656469926,
      2.7055615396719785,
      3.5062929136969645,
      4.3070242877219505
    ]
  },
  "placement_rate_for_field": {
    "mean": 4.092726157978177e-16,
    "std": 1.0,
    "min": -1.7520352475971772,
    "max": 1.7467769844364247,
    "p10": -1.3831766900770823,
    "p25": -0.8578092623890499,
    "p50": 0.00844527656425844,
    "p75": 0.8636518447080201,
    "p90": 1.3827875993427359,
    "histogram_counts": [
      709,
      725,
      789,
      759,
      741,
      782,
      760,
      769,
      746,
      720
    ],
    "histogram_edges": [
      -1.7520352475971772,
      -1.402154024393817,
      -1.0522728011904567,
      -0.7023915779870964,
      -0.35251035478373627,
      -0.002629131580376143,
      0.3472520916229844,
      0.6971333148263446,
      1.0470145380297047,
      1.3968957612330648,
      1.7467769844364247
    ]
  },
  "demand_velocity_per_day": {
    "mean": 4.547473508864641e-16,
    "std": 1.0,
    "min": -2.2062822776371185,
    "max": 0.9890461429871109,
    "p10": -2.2062822776371185,
    "p25": -0.27734866728670116,
    "p50": 0.40309021755857005,
    "p75": 0.7171843162614568,
    "p90": 0.9890461429871109,
    "histogram_counts": [
      1085,
      0,
      0,
      0,
      0,
      0,
      2100,
      0,
      2131,
      2184
    ],
    "histogram_edges": [
      -2.2062822776371185,
      -1.8867494355746954,
      -1.5672165935122726,
      -1.2476837514498498,
      -0.9281509093874267,
      -0.6086180673250037,
      -0.28908522526258085,
      0.03044761679984198,
      0.34998045886226503,
      0.6695133009246881,
      0.9890461429871109
    ]
  },
  "demand_acceleration": {
    "mean": 7.958078640513122e-17,
    "std": 0.9999999999999999,
    "min": -1.8625247486001681,
    "max": 1.1272401480815055,
    "p10": -1.8625247486001681,
    "p25": -0.8013357175404692,
    "p50": 0.07423358913316118,
    "p75": 1.1157194986240249,
    "p90": 1.1272401480815055,
    "histogram_counts": [
      1080,
      0,
      0,
      1071,
      0,
      1104,
      1085,
      0,
      1077,
      2083
    ],
    "histogram_edges": [
      -1.8625247486001681,
      -1.5635482589320007,
      -1.2645717692638334,
      -0.965595279595666,
      -0.6666187899274987,
      -0.3676423002593312,
      -0.06866581059116394,
      0.2303106790770033,
      0.5292871687451708,
      0.8282636584133383,
      1.1272401480815055
    ]
  },
  "velocity_r_squared": {
    "mean": 9.758120237772043e-17,
    "std": 0.9999999999999999,
    "min": -1.6092097936564473,
    "max": 1.0936469110979619,
    "p10": -1.6092097936564473,
    "p25": -1.4827340645454412,
    "p50": 0.2933442438474682,
    "p75": 0.7408250327969758,
    "p90": 1.0936469110979619,
    "histogram_counts": [
      2108,
      0,
      0,
      0,
      0,
      0,
      1060,
      1077,
      2184,
      1071
    ],
    "histogram_edges": [
      -1.6092097936564473,
      -1.3389241231810063,
      -1.0686384527055655,
      -0.7983527822301245,
      -0.5280671117546836,
      -0.25778144127924274,
      0.012504229196198313,
      0.28278989967163937,
      0.5530755701470802,
      0.823361240622521,
      1.0936469110979619
    ]
  },
  "demand_momentum": {
    "mean": -3.3632356159311407e-16,
    "std": 1.0,
    "min": -3.6138710791670237,
    "max": 2.900866946509801,
    "p10": -1.5279058090617006,
    "p25": -0.5253376703121673,
    "p50": 0.1436971368715067,