{
  "cgpa_normalized": {
    "mean": 3.138230416273776e-17,
    "std": 0.9999999999999998,
    "min": -1.7409479543576034,
    "max": 1.7012063717014607,
    "p10": -1.3844380241490508,
    "p25": -0.8612131220138032,
    "p50": -0.0030885834181118973,
    "p75": 0.8815318214992718,
    "p90": 1.3711200664052017,
    "histogram_counts": [
      574,
      595,
      626,
      585,
      591,
      561,
      597,
      599,
      646,
      626
    ],
    "histogram_edges": [
      -1.7409479543576034,
      -1.396732521751697,
      -1.0525170891457907,
      -0.7083016565398841,
      -0.3640862239339777,
      -0.019870791328071347,
      0.32434464127783524,
      0.6685600738837416,
      1.012775506489648,
      1.3569909390955543,
      1.7012063717014607
    ]
  },
  "internships_count": {
    "mean": -3.1086244689504386e-17,
    "std": 1.0,
    "min": -1.3305644335194173,
    "max": 1.3311559269328512,
    "p10": -1.3305644335194173,
    "p25": -1.3305644335194173,
    "p50": 0.44391580678209497,
    "p75": 1.3311559269328512,
    "p90": 1.3311559269328512,
    "histogram_counts": [
      1533,
      0,
      0,
      1464,
      0,
      0,
      1475,
      0,
      0,
      1528
    ],
    "histogram_edges": [
      -1.3305644335194173,
      -1.0643923974741905,
      -0.7982203614289636,
      -0.5320483253837367,
      -0.2658762893385098,
      0.0002957467067170594,
      0.26646778275194394,
      0.5326398187971708,
      0.7988118548423977,
      1.0649838908876246,
      1.3311559269328512
    ]
  },
  "backlogs": {
    "mean": 1.8355687340469255e-17,
    "std": 1.0,
    "min": -1.2460846183405059,
    "max": 1.2271233571947358,
    "p10": -1.2460846183405059,
    "p25": -1.2460846183405059,
    "p50": -0.009480630572885148,
    "p75": 1.2271233571947358,
    "p90": 1.2271233571947358,
    "histogram_counts": [
      1939,
      0,
      0,
      0,
      0,
      2076,
      0,
      0,
      0,
      1985
    ],
    "histogram_edges": [
      -1.2460846183405059,
      -0.9987638207869818,
      -0.7514430232334576,
      -0.5041222256799334,
      -0.25680142812640927,
      -0.009480630572885174,
      0.23784016698063914,
      0.48516096453416324,
      0.7324817620876873,
      0.9798025596412117,
      1.2271233571947358
    ]
  },
  "median_salary_normalized": {
    "mean": 8.562039965909207e-16,
    "std": 0.9999999999999999,
    "min": -3.6238717046411852,
    "max": 3.4996302943573103,
    "p10": -1.3180970659371603,
    "p25": -0.6719090663183058,
    "p50": 0.006836188079486383,
    "p75": 0.676006812251913,
    "p90": 1.2784783555613635,
    "histogram_counts": [
      4,
      78,
      329,
      909,
      1520,
      1612,
      1020,
      414,
      92,
      22
    ],
    "histogram_edges": [
      -3.6238717046411852,
      -2.9115215047413354,
      -2.199171304841486,
      -1.4868211049416362,
      -0.7744709050417868,
      -0.06212070514193746,
      0.6502294947579128,
      1.3625796946577622,
      2.0749298945576116,
      2.787280094457461,
      3.4996302943573103
    ]
  },
  "potential_score": {
    "mean": -3.552713678800501e-18,
    "std": 0.9999999999999999,
    "min": -2.3665780329963595,
    "max": 2.514309604139164,
    "p10": -1.338506350792769,
    "p25": -0.7847003589570969,
    "p50": 0.006175111180754226,
    "p75": 0.7887926677887516,
    "p90": 1.3342789277655793,
    "histogram_counts": [
      123,
      399,
      783,
      909,
      895,
      953,
      932,
      656,
      304,
      46
    ],
    "histogram_edges": [
      -2.3665780329963595,
      -1.8784892692828072,
      -1.3904005055692548,
      -0.9023117418557023,
      -0.41422297814215003,
      0.07386578557140222,
      0.5619545492849549,
      1.0500433129985072,
      1.5381320767120594,
      2.0262208404256117,
      2.514309604139164
    ]
  },
  "demand_proxy": {
    "mean": 8.562039965909207e-16,
    "std": 0.9999999999999999,
    "min": -3.6238717046411852,
    "max": 3.4996302943573103,
    "p10": -1.3180970659371603,
    "p25": -0.6719090663183058,
    "p50": 0.006836188079486383,
    "p75": 0.676006812251913,
    "p90": 1.2784783555613635,
    "histogram_counts": [
      4,
      78,
      329,
      909,
      1520,
      1612,
      1020,
      414,
      92,
      22
    ],
    "histogram_edges": [
      -3.6238717046411852,
      -2.9115215047413354,
      -2.199171304841486,
      -1.4868211049416362,
      -0.7744709050417868,
      -0.06212070514193746,
      0.6502294947579128,
      1.3625796946577622,
      2.0749298945576116,
      2.787280094457461,
      3.4996302943573103
    ]
  },
  "placement_rate_for_field": {
    "mean": 1.7526720815415805e-16,
    "std": 0.9999999999999999,
    "min": -1.7533088567437323,
    "max": 1.7332624717981255,
    "p10": -1.3790069346335379,
    "p25": -0.868297673404493,
    "p50": 0.014187522103623876,
    "p75": 0.8620539532334346,
    "p90": 1.3921431990763655,
    "histogram_counts": [
      563,
      598,
      625,
      578,
      583,
      643,
      601,
      635,
      564,
      610
    ],
    "histogram_edges": [
      -1.7533088567437323,
      -1.4046517238895464,
      -1.0559945910353608,
      -0.7073374581811749,
      -0.35868032532698924,
      -0.010023192472803588,
      0.3386339403813825,
      0.6872910732355682,
      1.0359482060897538,
      1.3846053389439394,
      1.7332624717981255
    ]
  },
  "demand_velocity_per_day": {
    "mean": 3.789561257387201e-17,
    "std": 1.0,
    "min": -1.3693364757137938,
    "max": 1.7303369676721196,
    "p10": -1.3693364757137938,
    "p25": -0.8337306802554698,
    "p50": -0.1719203324016816,
    "p75": 1.001949846520854,
    "p90": 1.7303369676721196,
    "histogram_counts": [
      852,
      873,
      824,
      859,
      809,
      0,
      0,
      896,
      0,
      887
    ],
    "histogram_edges": [
      -1.3693364757137938,
      -1.0593691313752025,
      -0.7494017870366111,
      -0.4394344426980197,
      -0.12946709835942838,
      0.18050024597916292,
      0.49046759031775444,
      0.8004349346563457,
      1.110402278994937,
      1.4203696233335283,
      1.7303369676721196
    ]
  },
  "demand_acceleration": {
    "mean": -1.7171449447535755e-17,
    "std": 1.0,
    "min": -1.252597677421255,
    "max": 1.914611663317443,
    "p10": -1.252597677421255,
    "p25": -0.726065498531992,
    "p50": -0.2851199815720469,
    "p75": 1.007291644682611,
    "p90": 1.914611663317443,
    "histogram_counts": [
      852,
      859,
      873,
      1711,
      0,
      0,
      0,
      896,
      0,
      809
    ],
    "histogram_edges": [
      -1.252597677421255,
      -0.9358767433473852,
      -0.6191558092735154,
      -0.3024348751996456,
      0.014286058874224183,
      0.3310069929480941,
      0.6477279270219638,
      0.9644488610958335,
      1.2811697951697034,
      1.5978907292435733,
      1.914611663317443
    ]
  },
  "velocity_r_squared": {
    "mean": -4.263256414560601e-17,
    "std": 1.0,
    "min": -2.3044239375129156,
    "max": 1.0628450515235406,
    "p10": -2.3044239375129156,
    "p25": -0.16603477041789444,
    "p50": 0.2841615962209367,
    "p75": 0.48916898937563363,
    "p90": 1.0628450515235406,
    "histogram_counts": [
      852,
      0,
      0,
      0,
      0,
      0,
      896,
      1683,
      1682,
      887
    ],
    "histogram_edges": [
      -2.3044239375129156,
      -1.96769703860927,
      -1.6309701397056244,
      -1.2942432408019786,
      -0.957516341898333,
      -0.6207894429946874,
      -0.2840625440910416,
      0.052664354812603786,
      0.3893912537162496,
      0.7261181526198954,
      1.0628450515235406
    ]
  },
  "demand_momentum": {
    "mean": 3.398762752719146e-16,
    "std": 1.0,
    "min": -2.835964988987021,
    "max": 3.215008185336027,
    "p10": -1.2478148536567417,
    "p25": -0.7361950920999458,
    "p50": -0.07433697976718875,
    "p75": 0.691610078582605,