{
  "method": "isotonic",
  "bins": [
    0.03923651355001104,
    0.040653910351435035,
    0.041291705309215575,
    0.13911115471136418,
    0.13913530050615658,
    0.1603329414325145,
    0.16036987409677522,
    0.1614775387878961,
    0.16155705484999158,
    0.17998543298883735,
    0.1799858147301861,
    0.21902823229694046,
    0.21907245240649387,
    0.22040313416961232,
    0.22042882478234616,
    0.24017297480860594,
    0.24023204591373354,
    0.2590512497920993,
    0.25905421739504975,
    0.27987388633817706,
    0.27988601582205636,
    0.3394628299776873,
    0.33947257939315456,
    0.35948686026122895,
    0.35950031274726196,
    0.39955083845389794,
    0.3995888225810288,
    0.41989530995811686,
    0.4199153045752874,
    0.44044606769905054,
    0.44045242290199715,
    0.4793360663010906,
    0.47936254300133635,
    0.5199799373868316,
    0.5199855721952625,
    0.5403460841146143,
    0.5403760793311981,
    0.5601015248370539,
    0.5601239720232648,
    0.5998475446141698,
    0.5998776131088617,
    0.6201850590848728,
    0.6201978892033447,
    0.679966860219809,
    0.6799742213096217,
    0.6996662270431553,
    0.6996757179632856,
    0.7397558985688278,
    0.7397720333146404,
    0.779845364608268,
    0.7798868300312277,
    0.7995187161503883,
    0.7995341145657966,
    0.8396387169728092,
    0.8396534045100601,
    0.8396957060394171,
    0.8397047081182388,
    0.8797153446328563,
    0.8797290340454048,
    0.8800913412603552,
    0.8800952632577758,
    0.9005193957487486,
    0.9005255445677806,
    0.9200488364632067,
    0.920069553312194,
    0.9397625587034381,
    0.9397794444384845,
    0.978166919982869,
    0.9785038977501429,
    0.999999999978874
  ],
  "lookup": [
    0.0,
    0.0,
    0.05,
    0.05,
    0.05405405405405406,
    0.05405405405405406,
    0.07692307692307693,
    0.07692307692307693,
    0.08823529411764706,
    0.08823529411764706,
    0.14388489208633093,
    0.14388489208633093,
    0.19047619047619047,
    0.19047619047619047,
    0.20212765957446807,
    0.20212765957446807,
    0.22058823529411764,
    0.22058823529411764,
    0.23846153846153842,
    0.23846153846153842,
    0.26605504587155965,
    0.26605504587155965,
    0.32142857142857145,
    0.32142857142857145,
    0.3281853281853282,
    0.3281853281853282,
    0.3671875,
    0.3671875,
    0.43636363636363634,
    0.43636363636363634,
    0.4372294372294373,
    0.4372294372294373,
    0.47854785478547857,
    0.47854785478547857,
    0.5165562913907285,
    0.5165562913907285,
    0.5431034482758621,
    0.5431034482758621,
    0.5703703703703704,
    0.5703703703703704,
    0.6326530612244898,
    0.6326530612244898,
    0.681704260651629,
    0.681704260651629,
    0.7037037037037037,
    0.7037037037037037,
    0.7188405797101448,
    0.7188405797101448,
    0.775974025974026,
    0.775974025974026,
    0.852760736196319,
    0.852760736196319,
    0.8555858310626703,
    0.8555858310626703,
    0.875,
    0.875,
    0.8928571428571429,
    0.8928571428571429,
    0.90625,
    0.90625,
    0.9516908212560387,
    0.9516908212560387,
    0.9576271186440678,
    0.9576271186440678,
    0.9636363636363636,
    0.9636363636363636,
    0.9930555555555556,
    0.9930555555555556,
    1.0,
    1.0
  ]
}