{
  "demographic_parity_index": 0.964808362369338,
  "equalized_odds_tpr_diff": 0.06565075272777499,
  "equalized_odds_fpr_diff": 0.05390181550327139,
  "predictive_parity_diff": 0.07595818815331012,
  "group_metrics": {
    "biotechnology": {
      "approval": 0.6222222222222222,
      "tpr": 0.7881773399014779,
      "fpr": 0.40764331210191085,
      "ppv": 0.7142857142857143
    },
    "civil_engineering": {
      "approval": 0.6191709844559585,
      "tpr": 0.7863247863247863,
      "fpr": 0.3618421052631579,
      "ppv": 0.7698744769874477
    },
    "computer_science": {
      "approval": 0.6085714285714285,
      "tpr": 0.7931034482758621,
      "fpr": 0.35374149659863946,
      "ppv": 0.755868544600939
    },
    "data_science": {
      "approval": 0.6307692307692307,
      "tpr": 0.7570093457943925,
      "fpr": 0.38738738738738737,
      "ppv": 0.7902439024390244
    },
    "electrical_engineering": {
      "approval": 0.6257142857142857,
      "tpr": 0.8226600985221675,
      "fpr": 0.35374149659863946,
      "ppv": 0.7625570776255708
    },
    "mba_finance": {
      "approval": 0.6294277929155313,
      "tpr": 0.8047619047619048,
      "fpr": 0.39490445859872614,
      "ppv": 0.7316017316017316
    },
    "mechanical_engineering": {
      "approval": 0.6270718232044199,
      "tpr": 0.7899543378995434,
      "fpr": 0.3776223776223776,
      "ppv": 0.762114537444934
    }
  },
  "overall_fair": true
}