{
  "cgpa_normalized": [
    0.600110883012156,
    0.9499804511374896
  ],
  "internships_count": [
    0.0,
    3.0
  ],
  "backlogs": [
    0.0,
    2.0
  ],
  "median_salary_normalized": [
    0.1386043529895699,
    0.8979147668003931
  ],
  "potential_score": [
    0.3725044127047559,
    0.913955634634475
  ],
  "demand_proxy": [
    0.1386043529895699,
    0.8979147668003931
  ],
  "placement_rate_for_field": [
    0.4000157046306996,
    0.949999079926156
  ],
  "demand_velocity_per_day": [
    -44933.02419354872,
    35238.342564576684
  ],
  "demand_acceleration": [
    -713695.514017163,
    839502.3052183962
  ],
  "velocity_r_squared": [
    -13.655209117730973,
    -3.51567112496018
  ],
  "demand_momentum": [
    0.13009035414560646,
    0.9278781922460342
  ],
  "market_hhi": [
    0.17299816736228768,
    0.17299816736228768
  ],
  "macro_index": [
    0.47469956018459236,
    0.47469956018459236
  ]
}