{
  "cgpa_normalized": {
    "mean": 7.238062001609553e-16,
    "std": 1.0,
    "min": -1.7230629021185975,
    "max": 1.7236587827415304,
    "p10": -1.3880409900341395,
    "p25": -0.8622222477281954,
    "p50": -0.006823664224335163,
    "p75": 0.8750853724554597,
    "p90": 1.3876817871528018,
    "histogram_counts": [
      775,
      746,
      715,
      777,
      752,
      748,
      693,
      791,
      729,
      774
    ],
    "histogram_edges": [
      -1.7230629021185975,
      -1.3783907336325847,
      -1.033718565146572,
      -0.6890463966605591,
      -0.3443742281745463,
      0.00029794031146646027,
      0.34497010879747925,
      0.689642277283492,
      1.0343144457695048,
      1.3789866142555176,
      1.7236587827415304
    ]
  },
  "internships_count": {
    "mean": 4.9737991503207014e-17,
    "std": 1.0,
    "min": -1.336578641530203,
    "max": 1.3473142129481164,
    "p10": -1.336578641530203,
    "p25": -1.336578641530203,
    "p50": -0.4419476900374299,
    "p75": 0.4526832614553432,
    "p90": 1.3473142129481164,
    "histogram_counts": [
      1892,
      0,
      0,
      1867,
      0,
      0,
      1885,
      0,
      0,
      1856
    ],
    "histogram_edges": [
      -1.336578641530203,
      -1.068189356082371,
      -0.7998000706345392,
      -0.5314107851867073,
      -0.26302149973887534,
      0.005367785708956685,
      0.2737570711567885,
      0.5421463566046203,
      0.8105356420524523,
      1.0789249275002843,
      1.3473142129481164
    ]
  },
  "backlogs": {
    "mean": -1.4684549872375404e-16,
    "std": 0.9999999999999998,
    "min": -1.2262234542793267,
    "max": 1.2184006571228394,
    "p10": -1.2262234542793267,
    "p25": -1.2262234542793267,
    "p50": -0.003911398578243578,
    "p75": 1.2184006571228394,
    "p90": 1.2184006571228394,
    "histogram_counts": [
      2498,
      0,
      0,
      0,
      0,
      2480,
      0,
      0,
      0,
      2522
    ],
    "histogram_edges": [
      -1.2262234542793267,
      -0.9817610431391101,
      -0.7372986319988935,
      -0.49283622085867695,
      -0.24837380971846035,
      -0.003911398578243741,
      0.24055101256197275,
      0.4850134237021895,
      0.729475834842406,
      0.9739382459826227,
      1.2184006571228394
    ]
  },
  "median_salary_normalized": {
    "mean": 1.8189894035458566e-16,
    "std": 1.0,
    "min": -3.3805766440038596,
    "max": 3.9428587986234653,
    "p10": -1.2832002652254144,
    "p25": -0.6614218303696219,
    "p50": -0.006951681356515213,
    "p75": 0.6664250226681078,
    "p90": 1.2928307293199943,
    "histogram_counts": [
      29,
      166,
      689,
      1552,
      2178,
      1723,
      858,
      251,
      48,
      6
    ],
    "histogram_edges": [
      -3.3805766440038596,
      -2.648233099741127,
      -1.9158895554783946,
      -1.183546011215662,
      -0.45120246695292954,
      0.28114107730980287,
      1.0134846215725357,
      1.7458281658352677,
      2.4781717100980005,
      3.2105152543607334,
      3.9428587986234653
    ]
  },
  "potential_score": {
    "mean": 9.274951177455175e-16,
    "std": 1.0,
    "min": -2.4665706733329387,
    "max": 2.5374416903709327,
    "p10": -1.3331851956971335,
    "p25": -0.752861888462231,
    "p50": 0.0023725308792423233,
    "p75": 0.7641315688652053,
    "p90": 1.3392817219351818,
    "histogram_counts": [
      113,
      444,
      878,
      1173,
      1230,
      1239,
      1137,
      806,
      395,
      85
    ],
    "histogram_edges": [
      -2.4665706733329387,
      -1.9661694369625515,
      -1.4657682005921644,
      -0.9653669642217773,
      -0.4649657278513901,
      0.03543550851899724,
      0.5358367448893842,
      1.036237981259771,
      1.5366392176301584,
      2.037040454000546,
      2.5374416903709327
    ]
  },
  "demand_proxy": {
    "mean": 1.8189894035458566e-16,
    "std": 1.0,
    "min": -3.3805766440038596,
    "max": 3.9428587986234653,
    "p10": -1.2832002652254144,
    "p25": -0.6614218303696219,
    "p50": -0.006951681356515213,
    "p75": 0.6664250226681078,
    "p90": 1.2928307293199943,
    "histogram_counts": [
      29,
      166,
      689,
      1552,
      2178,
      1723,
      858,
      251,
      48,
      6
    ],
    "histogram_edges": [
      -3.3805766440038596,
      -2.648233099741127,
      -1.9158895554783946,
      -1.183546011215662,
      -0.45120246695292954,
      0.28114107730980287,
      1.0134846215725357,
      1.7458281658352677,
      2.4781717100980005,
      3.2105152543607334,
      3.9428587986234653
    ]
  },
  "placement_rate_for_field": {
    "mean": 2.2358411418584484e-16,
    "std": 0.9999999999999999,
    "min": -1.7270602077831472,
    "max": 1.7422522059238,
    "p10": -1.3727087581361184,
    "p25": -0.8572018213557242,
    "p50": -0.014950416674302682,
    "p75": 0.866411422032213,
    "p90": 1.3928640738922826,
    "histogram_counts": [
      729,
      790,
      719,
      806,
      760,
      751,
      733,
      719,
      745,
      748
    ],
    "histogram_edges": [
      -1.7270602077831472,
      -1.3801289664124523,
      -1.0331977250417577,
      -0.6862664836710628,
      -0.33933524230036816,
      0.007595999070326487,
      0.3545272404410216,
      0.7014584818117162,
      1.0483897231824109,
      1.3953209645531055,
      1.7422522059238
    ]
  },
  "demand_velocity_per_day": {
    "mean": 1.8947806286936004e-17,
    "std": 1.0,
    "min": -2.2768203770354614,
    "max": 0.7911596763533325,
    "p10": -2.2768203770354614,
    "p25": -0.3320760099206301,
    "p50": 0.30155721649487305,
    "p75": 0.784388189146197,
    "p90": 0.7911596763533325,
    "histogram_counts": [
      1064,
      0,
      0,
      0,
      0,
      0,
      1033,
      1072,
      1047,
      3284
    ],
    "histogram_edges": [
      -2.2768203770354614,
      -1.9700223716965821,
      -1.6632243663577027,
      -1.3564263610188232,
      -1.049628355679944,
      -0.7428303503410647,
      -0.43603234500218524,
      -0.12923433966330578,
      0.17756366567557347,
      0.4843616710144527,
      0.7911596763533325
    ]
  },
  "demand_acceleration": {
    "mean": -1.2552921665095103e-17,
    "std": 0.9999999999999999,
    "min": -1.2396841552453142,
    "max": 1.4840173441447153,
    "p10": -1.2396841552453142,
    "p25": -0.8596222592595829,
    "p50": -0.40994456148972525,
    "p75": 1.21768199323572,
    "p90": 1.4840173441447153,
    "histogram_counts": [
      1064,
      2149,
      0,
      1033,
      0,
      0,
      1132,
      0,
      0,
      2122
    ],
    "histogram_edges": [
      -1.2396841552453142,
      -0.9673140053063112,
      -0.6949438553673083,
      -0.4225737054283054,
      -0.15020355548930242,
      0.12216659444970057,
      0.39453674438870334,
      0.6669068943277063,
      0.9392770442667093,
      1.2116471942057123,
      1.4840173441447153
    ]
  },
  "velocity_r_squared": {
    "mean": -2.899014361901209e-16,
    "std": 1.0,
    "min": -1.5135103588994154,
    "max": 1.0836245681342167,
    "p10": -1.5135103588994154,
    "p25": -1.263036190545328,
    "p50": 0.5536803869641422,
    "p75": 0.8897442764728409,
    "p90": 1.0836245681342167,
    "histogram_counts": [
      2165,
      0,
      0,
      1064,
      0,
      0,
      0,
      1047,
      1072,
      2152
    ],
    "histogram_edges": [
      -1.5135103588994154,
      -1.2537968661960521,
      -0.994083373492689,
      -0.7343698807893259,
      -0.47465638808596267,
      -0.21494289538259959,
      0.044770597320763716,
      0.304484090024127,
      0.5641975827274901,
      0.8239110754308532,
      1.0836245681342167
    ]
  },
  "demand_momentum": {
    "mean": -1.024128929808891e-15,
    "std": 1.0,
    "min": -3.6939408409546477,
    "max": 2.951914431504342,
    "p10": -1.5532592098447722,
    "p25": -0.47401415224084403,
    "p50": 0.18386358198870933,
    "p75": 0.6655536082878772,
    "p90": 1.113372741928341,